episode,delay_mean
1,"(-1.5169563, 0.01239440728603276)"
