episode,delay_mean
1,"(-4.746123, 0.03893248312282141)"
