episode,reward_mean,delay_mean
1,-3206.07958984375,42.62751297713535
2,-2289.68701171875,19.563644811618133
3,-2397.71630859375,5.5630198446753045
4,-2891.75732421875,13.305275298291388
5,-2283.5087890625,32.23977579341355
6,-2766.62451171875,46.18742102415294
7,-3048.94580078125,23.704516516939155
8,-1985.6009521484375,18.44957453150749
9,-1835.664306640625,10.092415717777639
10,-1776.1536865234375,22.656681728902512
